{
	 "skeleton": {
		 "ATTITEM00": [0.000000,0.000000,0.000000],
		 "ATTITEM01": [0.000000,0.000000,0.000000],
		 "ATTITEM02": [0.000000,0.000000,0.000000],
		 "ATTITEM03": [0.000000,0.000000,0.000000],
		 "ATTITEM04": [0.000000,0.000000,0.000000],
		 "ATTITEM05": [0.000000,0.000000,0.000000],
		 "ATTITEM06": [0.000000,0.000000,0.000000],
		 "ATTITEM07": [0.000000,0.000000,0.000000],
		 "ATTOVERCOG": [0.0,0.0,55.000000],
		 "aaaHolder": [0.000000,0.000000,0.000000],
		 "root": [0.000000,0.000000,0.000000]
	},
	"animation_root" : "file(animations)",
    "effects_root": "file(effects)"
}
